id;s_no;identifier;source
1;withdrawal Cheese;secondary;Peru capability
2;Garden;back-end Architect;Mountains
3;parsing;Administrator methodologies Graphical User Interface;firewall recontextualize
4;Specialist Customer Italy;B2B Electronics;Liaison supply-chains
5;Ball;deposit initiatives;Personal Loan Account Utah
6;Home Loan Account withdrawal;concept object-oriented;Unbranded
7;Estates Rand;invoice Practical Kansas;USB infrastructure Operations
8;Cambridgeshire;Bolivia;Handmade Steel Fish Ergonomic Fresh Ball
9;Turkmenistan;Guyana Dollar invoice;Investment Account ADP
10;Investor circuit Garden;International Borders;revolutionary Clothing
