id;file_name;type;size;file_original_name;file_location;antivirus_check;content_type;campaign_code
1;bypass open-source;River quantify Manors;15016;Profit-focused;Ecuador Buckinghamshire;yellow Handmade;Vista;sky blue
2;primary Cambridgeshire haptic;XSS;57429;compress Shoes;ivory Bahamas Georgia;bluetooth American Samoa Security;knowledge user Home Loan Account teal;Tennessee Netherlands
3;Intelligent Plastic Pizza;functionalities;4502;Forward;interactive Usability Program;Home Loan Account;pixel SSL;Oklahoma
4;Rubber;Pants;11300;cross-platform;Tugrik capacity dedicated;Intelligent service-desk;index;Credit Card Account back-end
5;invoice;focus group systems Realigned;15904;Automated grey;Fantastic Plastic Soap;plum Liaison protocol;Alaska Rubber;COM Wooden cyan
6;24/365 United States of America;Table;21908;robust;relationships Expanded;Serbia Designer Central;Kids Berkshire Toys;Chief Passage
7;Hat Electronics Rubber;Pakistan Rupee;83015;Sausages Rustic Manager;TCP;wireless Agent;Bulgaria;Officer workforce
8;invoice Money Market Account;Reduced Coordinator;60736;quantifying Internal Street;Radial Cambridgeshire;Internal;teal auxiliary Representative;zero tolerance wireless
9;Unions Credit Card Account Extensions;Dynamic;4896;Bike capacitor;incentivize programming Associate;e-commerce Intelligent;seamless transmit;California payment Streamlined
10;navigating;infrastructure;19541;turquoise Bedfordshire;web services;initiatives Agent;Sleek Rubber Cheese Games;Rapid SQL
