id;city;taluka;location;pin_code;latitude;longitude;street;area;house_no
1;Darlenefort;Program schemas;calculate program;Ghana Games magnetic;79161;60283;Euna Crescent;green virtual;e-enable feed
2;Marquardtshire;Chief;Sports Falkland Islands (Malvinas) cross-platform;index bricks-and-clicks Secured;78165;28874;Mitchell Tunnel;Reverse-engineered;Directives Rustic Bedfordshire
3;Gibsontown;Savings Account pink Steel;COM Concrete sky blue;Bolivar Fuerte backing up;85466;8536;Taya Spurs;Refined Frozen Cheese Mali Orchestrator;analyzer
4;Lake Saigeside;open-source help-desk;Cambridgeshire;Illinois Business-focused;34461;85346;Frederic Crescent;Algeria Austria solutions;invoice
5;Corkerymouth;impactful infomediaries Martinique;deposit synthesize;Missouri fuchsia;99648;67479;Merritt Mission;Jewelery Movies;Stream cross-platform
6;Lake Janickbury;Forward;1080p;TCP Mauritius;95297;71443;Denesik Lakes;Plastic;Producer bandwidth
7;DuBuqueport;drive bus;digital payment;Nigeria;58715;36947;Rosanna Cove;holistic Colorado;utilisation Kiribati
8;North Triston;Rapid viral extensible;protocol Zambia;viral withdrawal Licensed Plastic Shirt;33805;83391;Rylan Burgs;Checking Account Accounts;Maryland Ameliorated
9;Port Eleanoreland;Borders Cambridgeshire Rwanda Franc;withdrawal orchid;Bike Shoes;38463;90723;Heathcote Roads;Manager purple Bedfordshire;Auto Loan Account Administrator
10;East Oralhaven;Concrete Optimization Ball;Dong THX grow;brand Gorgeous Rubber Car Gorgeous;37588;82507;Mylene Falls;Missouri;quantify Michigan
