id;name;identifier;description;priority
1;Toys;Berkshire;Self-enabling quantify;91909
2;Rubber Awesome;withdrawal;Baby North Dakota;20281
3;Technician;Credit Card Account Rubber Fully-configurable;lime payment Michigan;85134
4;local area network invoice;European Unit of Account 17(E.U.A.-17);flexibility;41153
5;AGP 3rd generation withdrawal;deploy circuit Platinum;COM Engineer;6219
6;Camp Orchestrator transmitting;systemic focus group Pizza;Concrete Practical Metal Hat e-tailers;86122
7;Diverse;viral;Response;99067
8;Consultant override Concrete;Officer PNG Place;Jamaican Dollar;98650
9;Garden;Manager overriding Configuration;Facilitator Libyan Dinar Skyway;97944
10;SAS quantifying Guyana Dollar;Kentucky deposit Andorra;Inlet Stream;51014
