id;name;number;command_center_number;email;metadata
1;copying systemic;Intranet Electronics;alarm Cotton;Elisa_Lueilwitz@hotmail.com;Legacy Malta revolutionary
2;driver solid state scale;multi-byte District Investment Account;upward-trending withdrawal array;Mervin21@yahoo.com;Berkshire Mississippi
3;Borders;cyan Investment Account;Refined;Berneice.Hayes7@yahoo.com;Small Steel Mouse Future
4;sensor Mills primary;JSON;Licensed Rubber Towels Cotton;Wellington_Emmerich@gmail.com;PNG modular
5;compressing cyan;generate Virgin Islands, U.S. Fresh;driver;Edyth_Leannon27@hotmail.com;Baby Centralized
6;Metrics;Creative XSS;Regional;Edison_Maggio78@yahoo.com;Books payment
7;Small Frozen Salad Auto Loan Account;Metal scale Brazilian Real;Gloves tertiary;Erwin_Mills91@gmail.com;magnetic generate definition
8;intuitive Uzbekistan Legacy;6th generation Sleek Steel Salad;system;Tyrese_Keeling@hotmail.com;bleeding-edge Enhanced Incredible Wooden Soap
9;hacking;Bahamian Dollar cutting-edge;bandwidth mission-critical Ports;Fabian_Altenwerth69@yahoo.com;Cotton Armenian Dram
10;Developer Intelligent Metal Salad deposit;Cambridgeshire Incredible;next-generation bandwidth;Doris_Gerhold@hotmail.com;Money Market Account
