id;name;identifier;description
1;benchmark IB;feed;Steel Electronics
2;Credit Card Account Steel;connecting;secondary Colorado
3;B2C Ford Programmable;1080p Home;Bacon Checking Account Investment Account
4;Graphical User Interface;leverage port 24/7;Mobility
5;input cyan;tertiary;Incredible Metal Fish Cheese Strategist
6;Paradigm Supervisor Bedfordshire;Money Market Account;mobile
7;digital Washington;Chicken;Bedfordshire solid state gold
8;deposit;Steel 24/365 Shoes;Wisconsin B2B
9;navigating Licensed Steel Keyboard Gloves;alliance explicit;Seychelles Rupee Fresh
10;Rustic Direct;Home Loan Account Macedonia real-time;Developer Shoes Books
